"internal_id","text","verse_short_title","probability","V1","date","book_title","scripture_text"
12255,"money to pay the debts i met wi the board of z c mi in the","D&C 104:78",0.532629703,5,1895-03-01,"Doctrine and Covenants","And again, verily I say unto you, concerning your debts--behold it is my will that you shall pay all your debts."
12203,"discused in one of his sermons about the apostles not having the gift of the holy","Alma 9:21",0.51266141,16,1895-02-01,"Alma","Having been visited by the Spirit of God; having conversed with angels, and having been spoken unto by the voice of the Lord; and having the spirit of prophecy, and the spirit of revelation, and also many gifts, the gift of speaking with tongues, and the gift of preaching, and the gift of the Holy Ghost, and the gift of translation;"
12197,"mints i followed for mits read from isaiah sang how beautiful upon the mountains amp c","Mosiah 15:15",0.488078179,17,1897-11-01,"Mosiah","And O how beautiful upon the mountains were their feet!"
12203,"published in the herald amp tribune presidents denial of the slanders in the times was published","Mosiah 15:14",0.462976872,16,1895-02-01,"Mosiah","And these are they who have published peace, who have brought good tidings of good, who have published salvation; and said unto Zion: Thy God reigneth!"
12167,"tithing of the family i went to the office and to the wi the twelve we","D&C 119:3",0.450307016,24,1895-01-01,"Doctrine and Covenants","And this shall be the beginning of the tithing of my people."
12208,"the office being quite busy tues at the office busy most of the day in the","D&C 107:68",0.448267556,14,1897-11-01,"Doctrine and Covenants","Wherefore, the office of a bishop is not equal unto it; for the office of a bishop is in administering all temporal things;"
12173,"covenants you have entered into i will promise you that you will be true and faithful","D&C 108:5",0.447238158,23,1895-01-01,"Doctrine and Covenants","Behold, this is the promise of the Father unto you if you continue faithful."
12203,"her amp sent her i met wi the twelve in the i had an interview wi","D&C 84:101",0.435840434,16,1895-02-01,"Doctrine and Covenants","The earth hath travailed and brought forth her strength;And truth is established in her bowels;And the heavens have smiled upon her;And she is clothed with the glory of her God;For he stands in the midst of his people."
12163,"before riturning home amp did not leave untill pm i attended a family birthday gathering at","D&C 19:36",0.431318868,26,1898-04-01,"Doctrine and Covenants","Leave thy house and home, except when thou shalt desire to see thy family;"
12236,"through my system i was quite sick at night i was allso sick throug quite poorly","D&C 84:68",0.429362297,9,1895-03-01,"Doctrine and Covenants","In my name they shall heal the sick;"
12177,"thronged the streets on the way from east to thsou then to state nor to sou","Hel. 1:31",0.420647935,22,1898-09-01,"Helaman","And now, behold, the Lamanites could not retreat either way, neither on the north, nor on the south, nor on the east, nor on the west, for they were surrounded on every hand by the Nephites."
12173,"god yourselves and your parents through all time and keep the commandments of god and the","D&C 136:21",0.418684259,23,1895-01-01,"Doctrine and Covenants","Keep yourselves from evil to take the name of the Lord in vain, for I am the Lord your God, even the God of your fathers, the God of Abraham and of Isaac and of Jacob."
12167,"thatcher amp others to ordain a high priest then set him apart for a bishop i","D&C 68:22",0.414086614,24,1895-01-01,"Doctrine and Covenants","And again, no bishop or high priest who shall be set apart for this ministry shall be tried or condemned for any crime, save it be before the First Presidency of the church;"
12255,"to pay the debts upon it a committee was appointed to see if they could borrow","D&C 104:78",0.413423089,5,1895-03-01,"Doctrine and Covenants","And again, verily I say unto you, concerning your debts--behold it is my will that you shall pay all your debts."
12244,"a letter from gen figure i mailed letters to to day from father amp","D&C 44:1",0.412379888,7,1895-03-01,"Doctrine and Covenants","Behold, thus saith the Lord unto you my servants, it is expedient in me that the elders of my church should be called together, from the east and from the west, and from the north and from the south, by letter or some other way."
12216,"office i received letters figure from one to father amp amp one to amp had one","Mosiah 18:21",0.411300311,13,1895-02-01,"Mosiah","And he commanded them that there should be no contention one with another, but that they should look forward with one eye, having one faith and one baptism, having their hearts knit together in unity and in love one towards another."
12146,"elected as or of and out of of the council elected are members of the church","Alma 31:17",0.404407838,30,1897-11-01,"Alma","But thou art the same yesterday, today, and forever; and thou hast elected us that we shall be saved, whilst all around us are elected to be cast by thy wrath down to hell; for the which holiness, O God, we thank thee; and we also thank thee that thou hast elected us, that we may not be led away after the foolish traditions of our brethren, which doth bind them down to a belief of Christ, which doth lead their hearts to wander far from thee, our God."
12184,"wi my wife pres amp wife elders amp also bro charles hardy chas m hardy engineer","1 Ne. 16:7",0.401467924,20,1897-11-01,"1 Nephi","And it came to pass that I, Nephi, took one of the daughters of Ishmael to wife; and also, my brethren took of the daughters of Ishmael to wife; and also Zoram took the eldest daughter of Ishmael to wife."
12177,"temple thence west to east temple nor round the to nor temple gate at a m","2 Ne. 5:16",0.400302245,22,1898-09-01,"2 Nephi","And I, Nephi, did build a temple; and I did construct it after the manner of the temple of Solomon save it were not built of so many precious things; for they were not to be found upon the land, wherefore, it could not be built like unto Solomon's temple. But the manner of the construction was like unto the temple of Solomon; and the workmanship thereof was exceedingly fine."
12244,"at the house which was then taken to the and exhibited to the people for hours","3 Ne. 8:19",0.399528303,7,1895-03-01,"3 Nephi","And it came to pass that when the thunderings, and the lightnings, and the storm, and the tempest, and the quakings of the earth did cease--for behold, they did last for about the space of three hours; and it was said by some that the time was greater; nevertheless, all these great and terrible things were done in about the space of three hours--and then behold, there was darkness upon the face of the land."
12153,"called up whare he had preached in a political discourse concerning brother it was represented that","Alma 43:2",0.394681604,28,1895-01-01,"Alma","Now we shall say no more concerning their preaching, except that they preached the word, and the truth, according to the spirit of prophecy and revelation; and they preached after the holy order of God by which they were called."
12236,"through the day some better at nigh i went to the office amp spent the day","D&C 43:17",0.394455015,9,1895-03-01,"Doctrine and Covenants","Hearken ye, for, behold, the great day of the Lord is nigh at hand."
12216,"variety of feelings towards us some of the democrats are are attrying in the east to","D&C 76:100",0.393148165,13,1895-02-01,"Doctrine and Covenants","These are they who say they are some of one and some of another--some of Christ and some of John, and some of Moses, and some of Elias, and some of Esaias, and some of Isaiah, and some of Enoch;"
12173,"are guided by these evil spirits die they go where they are and the evil spirits","D&C 50:2",0.391619216,23,1895-01-01,"Doctrine and Covenants","Behold, verily I say unto you, that there are many spirits which are false spirits, which have gone forth in the earth, deceiving the world."
12153,"weighed to day amp weighed lbs which is to much for heal i met at the","Alma 8:14",0.389162208,28,1895-01-01,"Alma","And it came to pass that while he was journeying thither, being weighed down with sorrow, wading through much tribulation and anguish of soul, because of the wickedness of the people who were in the city of Ammonihah, it came to pass while Alma was thus weighed down with sorrow, behold an angel of the Lord appeared unto him, saying:"
12173,"and there is where the devils do not dwell and therefore when you get there there","2 Ne. 9:25",0.388230364,23,1895-01-01,"2 Nephi","Wherefore, he has given a law; and where there is no law given there is no punishment; and where there is no punishment there is no condemnation; and where there is no condemnation the mercies of the Holy One of Israel have claim upon them, because of the atonement; for they are delivered by the power of him."
12153,"brother thatcher had made a statement about brother merrill which was false amp brother thatcher now","Ether 9:8",0.387235186,28,1895-01-01,"Ether","And now the brother of him that suffered death, (and his name was Nimrah) was angry with his father because of that which his father had done unto his brother."
12148,"sea through the park i received letters from and tues to day i wrote letters to","Alma 54:15",0.385962336,29,1898-08-01,"Alma","Now it came to pass that Ammoron, when he had received this epistle, was angry; and he wrote another epistle unto Moroni, and these are the words which he wrote, saying:"
12255,"i met wi quite a number of men i met wi amp and quite a number","Alma 44:21",0.384722752,5,1895-03-01,"Alma","Now the number of their dead was not numbered because of the greatness of the number; yea, the number of their dead was exceedingly great, both on the Nephites and on the Lamanites."
12208,"gentlemen called on us today they are a delegation of the hawaian people on their way","Hel. 1:31",0.381561616,14,1897-11-01,"Helaman","And now, behold, the Lamanites could not retreat either way, neither on the north, nor on the south, nor on the east, nor on the west, for they were surrounded on every hand by the Nephites."
12203,"in bo herald amp tribune i met wi the twelve in the the drins of was","1 Ne. 12:9",0.378386092,16,1895-02-01,"1 Nephi","And he said unto me: Thou rememberest the twelve apostles of the Lamb? Behold they are they who shall judge the twelve tribes of Israel; wherefore, the twelve ministers of thy seed shall be judged of them; for ye are of the house of Israel."
12173,"and there are plenty of them in the midst of the latter day saints as to","D&C 115:4",0.375985292,23,1895-01-01,"Doctrine and Covenants","For thus shall my church be called in the last days, even The Church of Jesus Christ of Latter-day Saints."
12146,"my desk tues nd this is the election day tickets in the field i went to","D&C 88:51",0.375864363,30,1897-11-01,"Doctrine and Covenants","Behold, I will liken these kingdoms unto a man having a field, and he sent forth his servants into the field to dig in the field."
12236,"president died this afternoon at oclok at figure born died at oclock aged years one mon","Jacob 1:12",0.374758505,9,1895-03-01,"Jacob","And it came to pass that Nephi died."
12160,"have a very good night last night at oclock pres amp elder amp others accompanied me","Hel. 14:4",0.37317163,27,1897-11-01,"Helaman","Therefore, there shall be one day and a night and a day, as if it were one day and there were no night; and this shall be unto you for a sign; for ye shall know of the rising of the sun and also of its setting; therefore they shall know of a surety that there shall be two days and a night; nevertheless the night shall not be darkened; and it shall be the night before he is born."
12226,"workers in the temple amp others it included the presidency of the church the twelve apostles","1 Ne. 14:20",0.373004904,11,1895-03-01,"1 Nephi","And the angel said unto me: Behold one of the twelve apostles of the Lamb."
12236,"i was quite sick last night amp sick to day i took cold which settled all","D&C 84:68",0.3721315,9,1895-03-01,"Doctrine and Covenants","In my name they shall heal the sick;"
12226,"seventies and the leading men of the blank wi many of the aged men amp women","Alma 30:18",0.371570402,11,1895-03-01,"Alma","And thus he did preach unto them, leading away the hearts of many, causing them to lift up their heads in their wickedness, yea, leading away many women, and also men, to commit whoredoms--telling them that when a man was dead, that was the end thereof."
12203,"the office answered the libelious document in the n y times against him amp the presidency","D&C 94:3",0.369133719,16,1895-02-01,"Doctrine and Covenants","And let the first lot on the south be consecrated unto me for the building of a house for the presidency, for the work of the presidency, in obtaining revelations; and for the work of the ministry of the presidency, in all things pertaining to the church and kingdom."
12208,"at home to day i spent the day at home wi the family mon drove to","D&C 19:36",0.369052007,14,1897-11-01,"Doctrine and Covenants","Leave thy house and home, except when thou shalt desire to see thy family;"
12173,"covenant and promises have been made to you for time and eternity now if you honor","D&C 3:5",0.368628278,23,1895-01-01,"Doctrine and Covenants","Behold, you have been entrusted with these things, but how strict were your commandments; and remember also the promises which were made to you, if you did not transgress them."
12163,"last for publication i received a card from from m mountford went home at pm thur","D&C 88:59",0.368115074,26,1898-04-01,"Doctrine and Covenants","Beginning at the first, and so on unto the last, and from the last unto the first, and from the first unto the last;"
12184,"wed i was at the office this morning did not sleep well after i got to","Mosiah 24:19",0.367331815,20,1897-11-01,"Mosiah","And in the morning the Lord caused a deep sleep to come upon the Lamanites, yea, and all their task-masters were in a profound sleep."
12173,"true and faithful here you will be true and faithful there throughout all eternity here is","D&C 71:11",0.364940851,23,1895-01-01,"Doctrine and Covenants","Wherefore, keep my commandments; they are true and faithful. Even so. Amen."
12153,"slept but little during the night i have not slept well of late nights i was","Ether 15:20",0.364359586,28,1895-01-01,"Ether","And it came to pass that they fought all that day, and when the night came they slept upon their swords."
12145,"monument purchase of land in amp c prest jos f smi spoke on the brigham young","D&C 124:127",0.364226641,31,1898-04-01,"Doctrine and Covenants","I give unto you my servant Brigham Young to be a president over the Twelve traveling council;"
12163,"the residence of bro this evening until pmoclock tues ap i went to the office had","D&C 58:24",0.362222129,26,1898-04-01,"Doctrine and Covenants","And now, as I spake concerning my servant Edward Partridge, this land is the land of his residence, and those whom he has appointed for his counselors; and also the land of the residence of him whom I have appointed to keep my storehouse;"
12173,"us and have the power to tempt us and here is the place where they work","D&C 101:28",0.361986496,23,1895-01-01,"Doctrine and Covenants","And in that day Satan shall not have power to tempt any man."
12160,"forward knocking her head against the wall and cut her forehead i amp bro administered to","D&C 84:101",0.361507955,27,1897-11-01,"Doctrine and Covenants","The earth hath travailed and brought forth her strength;And truth is established in her bowels;And the heavens have smiled upon her;And she is clothed with the glory of her God;For he stands in the midst of his people."
12167,"the asylum i setled tithing to day for the family for as follows wilford woodruff total","D&C 136:13",0.357483795,24,1895-01-01,"Doctrine and Covenants","And let my servants Orson Pratt and Wilford Woodruff organize a company."
12184,"had bro cash the check which i received from bro last we received a telegram from","D&C 76:74",0.35432663,20,1897-11-01,"Doctrine and Covenants","Who received not the testimony of Jesus in the flesh, but afterwards received it."
12226,"i thank god my heavenly father figure wilford woodruff born aged years this day figure b","D&C 136:13",0.349330914,11,1895-03-01,"Doctrine and Covenants","And let my servants Orson Pratt and Wilford Woodruff organize a company."
12160,"and went home at pm fri i had a good night went to the office my","Alma 51:33",0.348508466,27,1897-11-01,"Alma","And it came to pass that when the night had come, Teancum and his servant stole forth and went out by night, and went into the camp of Amalickiah; and behold, sleep had overpowered them because of their much fatigue, which was caused by the labors and heat of the day."
12160,"the brethren accompanied the waterhouse bros to this afternoon i went to the office did not","D&C 107:68",0.34835365,27,1897-11-01,"Doctrine and Covenants","Wherefore, the office of a bishop is not equal unto it; for the office of a bishop is in administering all temporal things;"
12203,"a great relief to us the brigham young board met in the morning and done a","D&C 124:127",0.341947848,16,1895-02-01,"Doctrine and Covenants","I give unto you my servant Brigham Young to be a president over the Twelve traveling council;"
12167,"i had a visit from many brethren the first presidency of the stake called upon me","D&C 94:3",0.340163663,24,1895-01-01,"Doctrine and Covenants","And let the first lot on the south be consecrated unto me for the building of a house for the presidency, for the work of the presidency, in obtaining revelations; and for the work of the ministry of the presidency, in all things pertaining to the church and kingdom."
12160,"william mcewan wm mcewan shall be ried on the inst the wedding reception notes were sent","D&C 55:1",0.339633733,27,1897-11-01,"Doctrine and Covenants","Behold, thus saith the Lord unto you, my servant William, yea, even the Lord of the whole earth, thou art called and chosen; and after thou hast been baptized by water, which if you do with an eye single to my glory, you shall have a remission of your sins and a reception of the Holy Spirit by the laying on of hands;"
12197,"quayle cannon geo q cannon for mnts sang the spirit of god benediction by pres geo","D&C 138:24",0.338327771,17,1897-11-01,"Doctrine and Covenants","Their countenances shone, and the radiance from the presence of the Lord rested upon them, and they sang praises unto his holy name."
12173,"will still have power over them while they will have no power over faithful saints who","D&C 70:17",0.33687916,23,1895-01-01,"Doctrine and Covenants","For they have been faithful over many things, and have done well inasmuch as they have not sinned."
12167,"ided that was wrong no man had a right to officiate in any office of the","D&C 107:9",0.336240546,24,1895-01-01,"Doctrine and Covenants","The Presidency of the High Priesthood, after the order of Melchizedek, have a right to officiate in all the offices in the church."
12189,"judge m amp as a parting hour they enquired if the trustees in trust controlls the","Alma 7:6",0.334756727,18,1895-02-01,"Alma","But behold, I trust that ye are not in a state of so much unbelief as were your brethren; I trust that ye are not lifted up in the pride of your hearts; yea, I trust that ye have not set your hearts upon riches and the vain things of the world; yea, I trust that you do not worship idols, but that ye do worship the true and the living God, and that ye look forward for the remission of your sins, with an everlasting faith, which is to come."
12146,"rest mon at the office today rec eived a letter from madam from tues california mr","D&C 44:1",0.334039421,30,1897-11-01,"Doctrine and Covenants","Behold, thus saith the Lord unto you my servants, it is expedient in me that the elders of my church should be called together, from the east and from the west, and from the north and from the south, by letter or some other way."
12160,"in meetings went home at pm wed i had a better night last night slept well","Ether 15:20",0.333037853,27,1897-11-01,"Ether","And it came to pass that they fought all that day, and when the night came they slept upon their swords."
12255,"see if we could do any thing to save the selling at auction the at provo","3 Ne. 15:14",0.332141559,5,1895-03-01,"3 Nephi","And not at any time hath the Father given me commandment that I should tell it unto your brethren at Jerusalem."
12167,"discussed several subjects among other things it had been the custom in by moses thatcher m","Alma 47:23",0.331125613,24,1895-01-01,"Alma","And it came to pass that the king put forth his hand to raise them, as was the custom with the Lamanites, as a token of peace, which custom they had taken from the Nephites."
12146,"z s b amp t co at p m amp afterwards attended the funeral service of","Mosiah 2:16",0.33107092,30,1897-11-01,"Mosiah","Behold, I say unto you that because I said unto you that I had spent my days in your service, I do not desire to boast, for I have only been in the service of God."
12163,"ap at the office i receivd a card from for mrs busy at my desk attended","D&C 123:14",0.33042718,26,1898-04-01,"Doctrine and Covenants","These should then be attended to with great earnestness."
12236,"some enemies from have published in new times that the mormon church is bankrupt this is","Mosiah 15:14",0.329865578,9,1895-03-01,"Mosiah","And these are they who have published peace, who have brought good tidings of good, who have published salvation; and said unto Zion: Thy God reigneth!"
12197,"by bro black sang we thank thee o god for a prophet the general amp stake","Alma 31:18",0.329145457,17,1897-11-01,"Alma","And again we thank thee, O God, that we are a chosen and a holy people. Amen."
12173,"of us are surrounded by temptations because we are where devils dwell they are all around","D&C 76:68",0.327175285,23,1895-01-01,"Doctrine and Covenants","These are they whose names are written in heaven, where God and Christ are the judge of all."
12255,"i also met at oclock at my office amp dusenbury from amp amp others from to","D&C 124:73",0.325900173,5,1895-03-01,"Doctrine and Covenants","And there are others also who wish to know my will concerning them, for they have asked it at my hands."
12173,"but there is no man or woman who has been true and faithful here until dea","D&C 124:85",0.325709525,23,1895-01-01,"Doctrine and Covenants","Let no man go from this place who has come here essaying to keep my commandments."
12244,"smoot had raised himself had it sawed out amp seasoned and it made one of the","3 Ne. 26:15",0.32414175,7,1895-03-01,"3 Nephi","And it came to pass that after he had ascended into heaven--the second time that he showed himself unto them, and had gone unto the Father, after having healed all their sick, and their lame, and opened the eyes of their blind and unstopped the ears of the deaf, and even had done all manner of cures among them, and raised a man from the dead, and had shown forth his power unto them, and had ascended unto the Father--"
12208,"gentlemen went home at pm and went to the tonight fri i drove to the office","Alma 3:23",0.322611792,14,1897-11-01,"Alma","But he sent up a numerous army against them; and they went up and slew many of the Lamanites, and drove the remainder of them out of the borders of their land."
12244,"finest caskets i ever saw in my life all the family took leave of the body","D&C 101:37",0.322325326,7,1895-03-01,"Doctrine and Covenants","Therefore, care not for the body, neither the life of the body; but care for the soul, and for the life of the soul."
12165,"he slept peacefully all night and passed away without movement to prest fri rd prest directed","Ether 15:20",0.322015687,25,1898-09-01,"Ether","And it came to pass that they fought all that day, and when the night came they slept upon their swords."
12165,"some twenty five members of pres woodruff s family and several other prominent members of the","D&C 42:70",0.321506734,25,1898-09-01,"Doctrine and Covenants","The priests and teachers shall have their stewardships, even as the members."
12255,"young womons journal illustrated american years amp rout from to illustrated the higher officials vol vol","Mosiah 29:29",0.321264081,5,1895-03-01,"Mosiah","If your higher judges do not judge righteous judgments, ye shall cause that a small number of your lower judges should be gathered together, and they shall judge your higher judges, according to the voice of the people."
12236,"busy day amp called upon me also col amp also figure i wrote a letter to","Omni 1:9",0.320288771,9,1895-03-01,"Omni","Now I, Chemish, write what few things I write, in the same book with my brother; for behold, I saw the last which he wrote, that he wrote it with his own hand; and he wrote it in the day that he delivered them unto me. And after this manner we keep the records, for it is according to the commandments of our fathers. And I make an end."
12177,"wilford woodruff died aged years the funeral ceremonies commenced at a m for full statement see","D&C 136:13",0.320212003,22,1898-09-01,"Doctrine and Covenants","And let my servants Orson Pratt and Wilford Woodruff organize a company."
12173,"continually working for our distruction and they do all they can against us when those who","Alma 61:7",0.318076925,23,1895-01-01,"Alma","And they have come unto us, insomuch that those who have risen up in rebellion against us are set at defiance, yea, insomuch that they do fear us and durst not come out against us to battle."
12236,"amp days i met wi the twelve in the and had prayer we also met wi","Alma 51:29",0.317661306,9,1895-03-01,"Alma","But it came to pass that they were met by Teancum, who had slain Morianton and had headed his people in his flight."
12189,"rd i met in the office wi my councillors brothers amp on some of our affairs","D&C 76:100",0.317624766,18,1895-02-01,"Doctrine and Covenants","These are they who say they are some of one and some of another--some of Christ and some of John, and some of Moses, and some of Elias, and some of Esaias, and some of Isaiah, and some of Enoch;"
12184,"where we were made quite comfortable in the afternoon we all drove to the farm known","2 Ne. 30:16",0.317230487,20,1897-11-01,"2 Nephi","Wherefore, the things of all nations shall be made known; yea, all things shall be made known unto the children of men."
12173,"the number of them i do not know but there are plenty of them they are","Mosiah 2:2",0.317220583,23,1895-01-01,"Mosiah","And there were a great number, even so many that they did not number them; for they had multiplied exceedingly and waxed great in the land."
12173,"throughout all eternity and i will tell you the reason why while here you and all","D&C 39:1",0.315568668,23,1895-01-01,"Doctrine and Covenants","Hearken and listen to the voice of him who is from all eternity to all eternity, the Great I Am, even Jesus Christ--"
12208,"to pm i wrote to amp the letter was mailed col dickinson amp three other hawaian","Alma 54:15",0.315474317,14,1897-11-01,"Alma","Now it came to pass that Ammoron, when he had received this epistle, was angry; and he wrote another epistle unto Moroni, and these are the words which he wrote, saying:"
12177,"were viewed by a great many of the family and friends and the authorities of the","3 Ne. 7:4",0.314899521,22,1898-09-01,"3 Nephi","Now behold, there was no man among them save he had much family and many kindreds and friends; therefore their tribes became exceedingly great."
12177,"james woodruff jr amp the family followed and immediately after them the general authorities of the","D&C 102:32",0.311024619,22,1898-09-01,"Doctrine and Covenants","The latter can only be called in question by the general authorities of the church in case of transgression."
12177,"clipping herewi ked the accompanying clippings are placed in this record to make the same as","1 Ne. 1:3",0.310978671,22,1898-09-01,"1 Nephi","And I know that the record which I make is true; and I make it with mine own hand; and I make it according to my knowledge."
12153,"we granted the use of the for lecture of the charitable institution for the benefit of","D&C 59:18",0.310152117,28,1895-01-01,"Doctrine and Covenants","Yea, all things which come of the earth, in the season thereof, are made for the benefit and the use of man, both to please the eye and to gladden the heart;"
12255,"forenoon i learned that the committee could not borrow any money for the things looked dark","2 Ne. 27:19",0.31012619,5,1895-03-01,"2 Nephi","Wherefore it shall come to pass, that the Lord God will deliver again the book and the words thereof to him that is not learned; and the man that is not learned shall say: I am not learned."
12197,"the car tues we left at am i did not sleep very well i had some","D&C 76:100",0.309996621,17,1897-11-01,"Doctrine and Covenants","These are they who say they are some of one and some of another--some of Christ and some of John, and some of Moses, and some of Elias, and some of Esaias, and some of Isaiah, and some of Enoch;"
12173,"altar i addressed them as follows you are now husband and wife having entered into this","D&C 74:1",0.307512596,23,1895-01-01,"Doctrine and Covenants","For the unbelieving husband is sanctified by the wife, and the unbelieving wife is sanctified by the husband; else were your children unclean, but now are they holy."
12216,"testimony i followed them amp spoke minutes followed by president i spent the day in the","Mosiah 23:30",0.307326328,13,1895-02-01,"Mosiah","Now the armies of the Lamanites, which had followed after the people of king Limhi, had been lost in the wilderness for many days."
12173,"where your trouble lies we have them to contend wi in this city and this territory","Alma 42:29",0.306595829,23,1895-01-01,"Alma","And now, my son, I desire that ye should let these things trouble you no more, and only let your sins trouble you, with that trouble which shall bring you down unto repentance."
12146,"a few reks amp elder angus munn cannon angus m cannon offered the benediction i did","D&C 59:11",0.306321775,30,1897-11-01,"Doctrine and Covenants","Nevertheless thy vows shall be offered up in righteousness on all days and at all times;"
12184,"this morning bro waited on me after breakfast we all went to the meeting house the","1 Ne. 3:23",0.304780626,20,1897-11-01,"1 Nephi","And after we had gathered these things together, we went up again unto the house of Laban."
12216,"two hours in the wi the presidency amp twelve prayed mou prest was quite poorly to","D&C 94:3",0.303856065,13,1895-02-01,"Doctrine and Covenants","And let the first lot on the south be consecrated unto me for the building of a house for the presidency, for the work of the presidency, in obtaining revelations; and for the work of the ministry of the presidency, in all things pertaining to the church and kingdom."
12177,"of his sickness amp elders bateman amp wilcken as occasion required arranged to take charge of","D&C 124:87",0.302998416,22,1898-09-01,"Doctrine and Covenants","Therefore, let my servant William put his trust in me, and cease to fear concerning his family, because of the sickness of the land. If ye love me, keep my commandments; and the sickness of the land shall redound to your glory."
12178,"i had an interview this morning wi mr farr i received a telegram from we met","Alma 56:41",0.302734179,21,1895-01-01,"Alma","And it came to pass that again, when the light of the morning came we saw the Lamanites upon us, and we did flee before them."
12236,"mr dooly who informed us that men in the east were trying to injure our credit","Alma 56:35",0.302470068,9,1895-03-01,"Alma","And it came to pass that when they had been informed by their spies, they came forth with their army and marched against us."
12146,"at am my wife amp son returned at oclock from having had an enjoyable visit i","Alma 8:1",0.302370441,30,1897-11-01,"Alma","And now it came to pass that Alma returned from the land of Gideon, after having taught the people of Gideon many things which cannot be written, having established the order of the church, according as he had before done in the land of Zarahemla, yea, he returned to his own house at Zarahemla to rest himself from the labors which he had performed."
12177,"yet without satisfactory results the remains having been put into as good a condition as possible","D&C 111:11",0.301725402,22,1898-09-01,"Doctrine and Covenants","Therefore, be ye as wise as serpents and yet without sin; and I will order all things for your good, as fast as ye are able to receive them. Amen."
12208,"day and observed thanks giving day a general holiday fri i went to the office this","Mosiah 18:23",0.301632066,14,1897-11-01,"Mosiah","And he commanded them that they should observe the sabbath day, and keep it holy, and also every day they should give thanks to the Lord their God."
12148,"opinion of experts this terminate his mission he is not sensible at this time the attack","D&C 71:3",0.30085616,29,1898-08-01,"Doctrine and Covenants","Verily this is a mission for a season, which I give unto you."
12189,"i also wrote amp a letter i met in the morning wi the board of the","Omni 1:9",0.300447089,18,1895-02-01,"Omni","Now I, Chemish, write what few things I write, in the same book with my brother; for behold, I saw the last which he wrote, that he wrote it with his own hand; and he wrote it in the day that he delivered them unto me. And after this manner we keep the records, for it is according to the commandments of our fathers. And I make an end."
12244,"returned to miles figure i received a letter from to his amp one to we received","D&C 76:74",0.300062125,7,1895-03-01,"Doctrine and Covenants","Who received not the testimony of Jesus in the flesh, but afterwards received it."
12146,"this afternoon amp evening thur at the office this morning and attended my meeting at the","Alma 34:21",0.299773124,30,1897-11-01,"Alma","Cry unto him in your houses, yea, over all your household, both morning, mid-day, and evening."
12178,"administerd to her but she was bloated to a terrible extent wife of died at oclock","Ether 8:11",0.299508795,21,1895-01-01,"Ether","And now Omer was a friend to Akish; wherefore, when Jared had sent for Akish, the daughter of Jared danced before him that she pleased him, insomuch that he desired her to wife. And it came to pass that he said unto Jared: Give her unto me to wife."
12197,"pres cannon mins sang o come let us sing benediction by we took dinner at bro","Alma 26:8",0.299470859,17,1897-11-01,"Alma","Blessed be the name of our God; let us sing to his praise, yea, let us give thanks to his holy name, for he doth work righteousness forever."
12208,"some brandy elder got off at and arranged for our carriges to meet us at the","D&C 76:100",0.298904973,14,1897-11-01,"Doctrine and Covenants","These are they who say they are some of one and some of another--some of Christ and some of John, and some of Moses, and some of Elias, and some of Esaias, and some of Isaiah, and some of Enoch;"
12148,"and all the congregation came and shook hands wi us we had an excellent time we","Hel. 9:14",0.298885238,29,1898-08-01,"Helaman","We ran and came to the place of the judgment-seat, and when we saw all things even as Nephi had testified, we were astonished insomuch that we fell to the earth; and when we were recovered from our astonishment, behold they cast us into prison."
12197,"stake followed by bp of scipio ward pres spoke minutes and i followed for mints amp","Mosiah 23:30",0.298369527,17,1897-11-01,"Mosiah","Now the armies of the Lamanites, which had followed after the people of king Limhi, had been lost in the wilderness for many days."
12165,"the salt lake stake presidency and undertaker took charge of the body and the procession","3 Ne. 12:13",0.297726844,25,1898-09-01,"3 Nephi","Verily, verily, I say unto you, I give unto you to be the salt of the earth; but if the salt shall lose its savor wherewith shall the earth be salted? The salt shall be thenceforth good for nothing, but to be cast out and to be trodden under foot of men."
12167,"sent it wi one from is quite poorly i met wi just returned from the east","D&C 44:1",0.297655256,24,1895-01-01,"Doctrine and Covenants","Behold, thus saith the Lord unto you my servants, it is expedient in me that the elders of my church should be called together, from the east and from the west, and from the north and from the south, by letter or some other way."
12148,"was very sudden suppressed urine the cause his advanced age against him this caused much excitement","Alma 1:23",0.297560359,29,1898-08-01,"Alma","Now this was in the second year of the reign of Alma, and it was a cause of much affliction to the church; yea, it was the cause of much trial with the church."
12146,"at home to day amp looked about the premises sun at home all day taking my","D&C 30:4",0.29654962,30,1897-11-01,"Doctrine and Covenants","And your home shall be at your father's house, until I give unto you further commandments. And you shall attend to the ministry in the church, and before the world, and in the regions round about. Amen."
12177,"time the body was in a condition that notwithstanding all was done to make the face","D&C 84:28",0.296229984,22,1898-09-01,"Doctrine and Covenants","For he was baptized while he was yet in his childhood, and was ordained by the angel of God at the time he was eight days old unto this power, to overthrow the kingdom of the Jews, and to make straight the way of the Lord before the face of his people, to prepare them for the coming of the Lord, in whose hand is given all power."
12197,"amp c prayer by bp sang come we that love the lord pres hinckley reported the","D&C 138:24",0.296185432,17,1897-11-01,"Doctrine and Covenants","Their countenances shone, and the radiance from the presence of the Lord rested upon them, and they sang praises unto his holy name."
12244,"took carrs amp rode to amp spent the night wi the family of president who lay","D&C 102:9",0.296151579,7,1895-03-01,"Doctrine and Covenants","The president of the church, who is also the president of the council, is appointed by revelation, and acknowledged in his administration by the voice of the church."
12184,"as the church farm amp back to bro pratts for the night sun st all well","Mosiah 22:6",0.296014133,20,1897-11-01,"Mosiah","Behold the back pass, through the back wall, on the back side of the city. The Lamanites, or the guards of the Lamanites, by night are drunken; therefore let us send a proclamation among all this people that they gather together their flocks and herds, that they may drive them into the wilderness by night."
12177,"church the casket was borne to the hearse and the cortege left the at am thousands","Alma 23:5",0.295967009,22,1898-09-01,"Alma","And thousands were brought to the knowledge of the Lord, yea, thousands were brought to believe in the traditions of the Nephites; and they were taught the records and prophecies which were handed down even to the present time."
12163,"my meeting at am till pm afterwards at the office i am feeling well today fri","2 Ne. 27:23",0.2956326,26,1898-04-01,"2 Nephi","For behold, I am God; and I am a God of miracles; and I will show unto the world that I am the same yesterday, today, and forever; and I work not among the children of men save it be according to their faith."
12236,"mr president of the u p rail road he is a good man we met wi","D&C 102:9",0.295585054,9,1895-03-01,"Doctrine and Covenants","The president of the church, who is also the president of the council, is appointed by revelation, and acknowledged in his administration by the voice of the church."
12189,"deserett national figure i wrote a letter to amp sent one from wi it i met","Alma 54:4",0.295492962,18,1895-02-01,"Alma","Therefore he wrote an epistle, and sent it by the servant of Ammoron, the same who had brought an epistle to Moroni. Now these are the words which he wrote unto Ammoron, saying:"
12203,"i spent the day in the office i met wi the board of zcmi meeting lasted","Alma 27:16",0.29516499,16,1895-02-01,"Alma","And it came to pass that as Ammon was going forth into the land, that he and his brethren met Alma, over in the place of which has been spoken; and behold, this was a joyful meeting."
12167,"priesthood without being ordained to that office we also had up the subject of the leader","Alma 13:8",0.295109355,24,1895-01-01,"Alma","Now they were ordained after this manner--being called with a holy calling, and ordained with a holy ordinance, and taking upon them the high priesthood of the holy order, which calling, and ordinance, and high priesthood, is without beginning or end--"
12167,"of the quire we finally voted to give him dollars a year for all his time","D&C 104:73",0.293687689,24,1895-01-01,"Doctrine and Covenants","If it be five dollars, or if it be ten dollars, or twenty, or fifty, or a hundred, the treasurer shall give unto him the sum which he requires to help him in his stewardship--"
12146,"were the speakers a quartette furnished the singing services were conducted by bp who also made","D&C 93:10",0.293026922,30,1897-11-01,"Doctrine and Covenants","The worlds were made by him; men were made by him; all things were made by him, and through him, and of him."
12184,"amp surveyor in a special car we arrived at at am and remained in the car","2 Ne. 2:22",0.29188251,20,1897-11-01,"2 Nephi","And now, behold, if Adam had not transgressed he would not have fallen, but he would have remained in the garden of Eden. And all things which were created must have remained in the same state in which they were after they were created; and they must have remained forever, and had no end."
12146,"well i attended a meeting wi some of the directors of zsbt co wi the officers","D&C 76:100",0.291851696,30,1897-11-01,"Doctrine and Covenants","These are they who say they are some of one and some of another--some of Christ and some of John, and some of Moses, and some of Elias, and some of Esaias, and some of Isaiah, and some of Enoch;"
12163,"ap this is arbor day and a general holiday i staid at home sat ap i","D&C 128:4",0.291848076,26,1898-04-01,"Doctrine and Covenants","Then, let there be a general recorder, to whom these other records can be handed, being attended with certificates over their own signatures, certifying that the record they have made is true. Then the general church recorder can enter the record on the general church book, with the certificates and all the attending witnesses, with his own statement that he verily believes the above statement and records to be true, from his knowledge of the general character and appointment of those men by the church. And when this is done on the general church book, the record shall be just as holy, and shall answer the ordinance just the same as if he had seen with his eyes and heard with his ears, and made a record of the same on the general church book."
12146,"of the utah loan amp trust company in endeavoring to make some arrang ments in their","D&C 104:84",0.291718881,30,1897-11-01,"Doctrine and Covenants","Inasmuch as you obtain a chance to loan money by hundreds, or thousands, even until you shall loan enough to deliver yourself from bondage, it is your privilege."
12184,"meeting of the directors of z s b amp t co at pm also a meeting","D&C 62:4",0.291453874,20,1897-11-01,"Doctrine and Covenants","And now continue your journey. Assemble yourselves upon the land of Zion; and hold a meeting and rejoice together, and offer a sacrament unto the Most High."
12173,"the faithful saints receive their resurrected bodies they will occupy a place in the celestial kingdom","D&C 88:28",0.290602864,23,1895-01-01,"Doctrine and Covenants","They who are of a celestial spirit shall receive the same body which was a natural body; even ye shall receive your bodies, and your glory shall be that glory by which your bodies are quickened."
12197,"and pres geo q cannon mits sang the lord is risen benediction by bro all went","D&C 138:24",0.290237612,17,1897-11-01,"Doctrine and Covenants","Their countenances shone, and the radiance from the presence of the Lord rested upon them, and they sang praises unto his holy name."
12153,"i brought bishop lbs to fill the cars at making lbs which we donate as a","D&C 72:9",0.289409723,28,1895-01-01,"Doctrine and Covenants","The word of the Lord, in addition to the law which has been given, making known the duty of the bishop who has been ordained unto the church in this part of the vineyard, which is verily this--"
12148,"were present it was a very interesting meeting myself col amp mrs attended the mormon meeting","Alma 27:16",0.289188245,29,1898-08-01,"Alma","And it came to pass that as Ammon was going forth into the land, that he and his brethren met Alma, over in the place of which has been spoken; and behold, this was a joyful meeting."
12208,"go to the office today staid at home amp rested thus i staid at home to","D&C 19:36",0.289047303,14,1897-11-01,"Doctrine and Covenants","Leave thy house and home, except when thou shalt desire to see thy family;"
12173,"have learned to resist them in the flesh this evening we had a riage reception at","2 Ne. 27:19",0.288907603,23,1895-01-01,"2 Nephi","Wherefore it shall come to pass, that the Lord God will deliver again the book and the words thereof to him that is not learned; and the man that is not learned shall say: I am not learned."
12153,"the poor and myself met wi the twelve in the and the subject figure of was","1 Ne. 12:9",0.288161408,28,1895-01-01,"1 Nephi","And he said unto me: Thou rememberest the twelve apostles of the Lamb? Behold they are they who shall judge the twelve tribes of Israel; wherefore, the twelve ministers of thy seed shall be judged of them; for ye are of the house of Israel."
12203,"good deal done a good deal of business figure i received a letter from and answered","D&C 111:6",0.287946104,16,1895-02-01,"Doctrine and Covenants","Concern not yourselves about Zion, for I will deal mercifully with her."
12165,"at salt lake city at a m thousands of people were at the depot jelder of","Hel. 9:11",0.287826328,25,1898-09-01,"Helaman","And thus also those judges who were at the garden of Nephi, and heard his words, were also gathered together at the burial."
12189,"about our affairs in i received a letter figures from amp i wrote him a letter","D&C 44:1",0.28780243,18,1895-02-01,"Doctrine and Covenants","Behold, thus saith the Lord unto you my servants, it is expedient in me that the elders of my church should be called together, from the east and from the west, and from the north and from the south, by letter or some other way."
12167,"i met wi the twelve in the at oclok and attended to the business before us","D&C 123:14",0.287063063,24,1895-01-01,"Doctrine and Covenants","These should then be attended to with great earnestness."
12160,"her amp she felt better i also met wi bro this afternoon amp talked wi him","Alma 47:33",0.285610052,27,1897-11-01,"Alma","Therefore, when the queen had received this message she sent unto Amalickiah, desiring him that he would spare the people of the city; and she also desired him that he should come in unto her; and she also desired him that he should bring witnesses with him to testify concerning the death of the king."
12165,"reception of the body manager of the o s line amp mr clay of the u","D&C 88:15",0.284950181,25,1898-09-01,"Doctrine and Covenants","And the spirit and the body are the soul of man."
12226,"orn aged years old this day we held a bir day party in the wi some","D&C 76:100",0.284721325,11,1895-03-01,"Doctrine and Covenants","These are they who say they are some of one and some of another--some of Christ and some of John, and some of Moses, and some of Elias, and some of Esaias, and some of Isaiah, and some of Enoch;"
12184,"the new reservoir found the work progressing very favorably then drove to bp pratts at hinckley","Ether 13:9",0.284316759,20,1897-11-01,"Ether","And there shall be a new heaven and a new earth; and they shall be like unto the old save the old have passed away, and all things have become new."
12184,"all our party had breakfast at bro hotel his amp her making us very welcome amp","Alma 58:10",0.283830667,20,1897-11-01,"Alma","Therefore we did pour out our souls in prayer to God, that he would strengthen us and deliver us out of the hands of our enemies, yea, and also give us strength that we might retain our cities, and our lands, and our possessions, for the support of our people."
12184,"vehicles amp after breakfast we drove to the new cut and around by the dam to","Ether 13:9",0.283745068,20,1897-11-01,"Ether","And there shall be a new heaven and a new earth; and they shall be like unto the old save the old have passed away, and all things have become new."
12173,"that will ever be disturbed or annoyed by them after dea for the reason that when","1 Ne. 8:3",0.2835239,23,1895-01-01,"1 Nephi","And behold, because of the thing which I have seen, I have reason to rejoice in the Lord because of Nephi and also of Sam; for I have reason to suppose that they, and also many of their seed, will be saved."
12146,"the late sister wife of bro john clark at residence bro amp prests amp amp myself","D&C 58:24",0.283301267,30,1897-11-01,"Doctrine and Covenants","And now, as I spake concerning my servant Edward Partridge, this land is the land of his residence, and those whom he has appointed for his counselors; and also the land of the residence of him whom I have appointed to keep my storehouse;"
12208,"z s b amp trust co at pm amp transacted the wcurrant business went home at","D&C 20:62",0.283100511,14,1897-11-01,"Doctrine and Covenants","And said conferences are to do whatever church business is necessary to be done at the time."
12203,"unwell at nigh we met wi brother amp wi others we had a meeting wi the","Alma 32:9",0.282918579,16,1895-02-01,"Alma","Behold thy brother hath said, What shall we do?--for we are cast out of our synagogues, that we cannot worship our God."
12160,"company directors also had an interview wi mr and of and had a nice visit my","D&C 88:54",0.282843858,27,1897-11-01,"Doctrine and Covenants","And also unto the third, saying: I will visit you;"
12255,"had a hard sonow storm last night i met wi the twelve in the for prayer","Alma 26:6",0.282301609,5,1895-03-01,"Alma","Yea, they shall not be beaten down by the storm at the last day; yea, neither shall they be harrowed up by the whirlwinds; but when the storm cometh they shall be gathered together in their place, that the storm cannot penetrate to them; yea, neither shall they be driven with fierce winds whithersoever the enemy listeth to carry them."
12160,"dhter called on me for assistance of to pay her taxes which caused me some trouble","Alma 42:29",0.282056539,27,1897-11-01,"Alma","And now, my son, I desire that ye should let these things trouble you no more, and only let your sins trouble you, with that trouble which shall bring you down unto repentance."
12173,"the riage ceremony on behalf of my dhter and my wife amp several of our friends","D&C 84:77",0.281395098,23,1895-01-01,"Doctrine and Covenants","And again I say unto you, my friends, for from henceforth I shall call you friends, it is expedient that I give unto you this commandment, that ye become even as my friends in days when I was with them, traveling to preach the gospel in my power;"
12163,"i feel well this morning attended the conference at am sang prayer by bro sang pres","D&C 138:24",0.281211218,26,1898-04-01,"Doctrine and Covenants","Their countenances shone, and the radiance from the presence of the Lord rested upon them, and they sang praises unto his holy name."
12189,"wi the board of z c mi also met wi brother amp figure i sent a","Alma 43:42",0.280989012,18,1895-02-01,"Alma","And the Lamanites did flee again before them, towards the land of Manti; and they were met again by the armies of Moroni."
12146,"behalf was busy wi them until pm when i went home quite tired sat i staid","1 Ne. 1:5",0.280721637,30,1897-11-01,"1 Nephi","Wherefore it came to pass that my father, Lehi, as he went forth prayed unto the Lord, yea, even with all his heart, in behalf of his people."
12165,"elder in inviting the party to go on the train also in making preparations for the","2 Ne. 16:1",0.280683636,25,1898-09-01,"2 Nephi","In the year that king Uzziah died, I saw also the Lord sitting upon a throne, high and lifted up, and his train filled the temple."
12189,"letter to from his i met in the morning wi the utah company also met wi","Alma 51:29",0.2806417,18,1895-02-01,"Alma","But it came to pass that they were met by Teancum, who had slain Morianton and had headed his people in his flight."
12203,"i met wi amp i also met wi brother i had due less money i was","Alma 51:29",0.2801268,16,1895-02-01,"Alma","But it came to pass that they were met by Teancum, who had slain Morianton and had headed his people in his flight."
12236,"i met wi zions savings bank board i wrote a figure letter to to day figures","Omni 1:9",0.279900009,9,1895-03-01,"Omni","Now I, Chemish, write what few things I write, in the same book with my brother; for behold, I saw the last which he wrote, that he wrote it with his own hand; and he wrote it in the day that he delivered them unto me. And after this manner we keep the records, for it is according to the commandments of our fathers. And I make an end."
12146,"not go to the cemetery but returned to the office and went home at pm rained","Mosiah 21:12",0.279647217,30,1897-11-01,"Mosiah","Yea, they went again even the third time, and suffered in the like manner; and those that were not slain returned again to the city of Nephi."
12165,"church left the city on the rio grande western train at am and arrived at in","Alma 56:15",0.279643772,25,1898-09-01,"Alma","And these are the cities which they possessed when I arrived at the city of Judea; and I found Antipus and his men toiling with their might to fortify the city."
12184,"comfortable pres ira noble hinckley ira n hinckley amp son also bp arrived wi teams amp","D&C 58:10",0.279100975,20,1897-11-01,"Doctrine and Covenants","First, the rich and the learned, the wise and the noble;"
12216,"bir day i spent the day at home writing out invitations to our bir day party","3 Ne. 1:8",0.278028909,13,1895-02-01,"3 Nephi","But behold, they did watch steadfastly for that day and that night and that day which should be as one day as if there were no night, that they might know that their faith had not been vain."
12244,"procession i ever saw in i think it was a mile long we took cars amp","3 Ne. 12:41",0.277860147,7,1895-03-01,"3 Nephi","And whosoever shall compel thee to go a mile, go with him twain."
12203,"financial board of the savings bank they offered to loan us thirty thousand dollars this is","D&C 104:84",0.277544491,16,1895-02-01,"Doctrine and Covenants","Inasmuch as you obtain a chance to loan money by hundreds, or thousands, even until you shall loan enough to deliver yourself from bondage, it is your privilege."
12165,"p also offered a train prest and members of the twelve now in the viz amp","2 Ne. 16:1",0.27744521,25,1898-09-01,"2 Nephi","In the year that king Uzziah died, I saw also the Lord sitting upon a throne, high and lifted up, and his train filled the temple."
12148,"were visited by some friends in the evening brother and myself went out riding to the","D&C 76:100",0.277180788,29,1898-08-01,"Doctrine and Covenants","These are they who say they are some of one and some of another--some of Christ and some of John, and some of Moses, and some of Elias, and some of Esaias, and some of Isaiah, and some of Enoch;"
12184,"bed amp have some head ache i attended a meeting of the power dam company also","D&C 76:100",0.276842669,20,1897-11-01,"Doctrine and Covenants","These are they who say they are some of one and some of another--some of Christ and some of John, and some of Moses, and some of Elias, and some of Esaias, and some of Isaiah, and some of Enoch;"
12244,"we met wi the twelve in the and had prayers in company wi my wife i","D&C 18:27",0.276741041,7,1895-03-01,"Doctrine and Covenants","Yea, even twelve; and the Twelve shall be my disciples, and they shall take upon them my name; and the Twelve are they who shall desire to take upon them my name with full purpose of heart."
12173,"will be no one to tempt or lead astray and for that reason if you are","2 Ne. 17:12",0.276167184,23,1895-01-01,"2 Nephi","But Ahaz said: I will not ask, neither will I tempt the Lord."
12226,"returned home went to bed amp died on the of i have been a member in","1 Ne. 1:7",0.276160211,11,1895-03-01,"1 Nephi","And it came to pass that he returned to his own house at Jerusalem; and he cast himself upon his bed, being overcome with the Spirit and the things which he had seen."
12216,"day we had quite a number of letters to day from the east upon business matters","Mosiah 21:10",0.275383683,13,1895-02-01,"Mosiah","Now there were a great many widows in the land, and they did cry mightily from day to day, for a great fear of the Lamanites had come upon them."
12160,"i went to the office today had a good night i met wi the ogden power","Alma 51:33",0.27527461,27,1897-11-01,"Alma","And it came to pass that when the night had come, Teancum and his servant stole forth and went out by night, and went into the camp of Amalickiah; and behold, sleep had overpowered them because of their much fatigue, which was caused by the labors and heat of the day."
12184,"in our beds bros wilcken nuttall amp hardy at the hotel sat arose in good season","Alma 34:1",0.275206572,20,1897-11-01,"Alma","And now it came to pass that after Alma had spoken these words unto them he sat down upon the ground, and Amulek arose and began to teach them, saying:"
12165,"arranged for a special car kindly proferred by mr of the rio grande western railway amp","D&C 99:6",0.275191133,25,1898-09-01,"Doctrine and Covenants","And now, verily I say unto you, that it is not expedient that you should go until your children are provided for, and sent up kindly unto the bishop of Zion."
12197,"to bro hales pres cannon amp elder nuttall attended the priesthood meeting this evening pres hinckley","D&C 123:14",0.27494139,17,1897-11-01,"Doctrine and Covenants","These should then be attended to with great earnestness."
12160,"office quite busy amp went home at pm we arranged for a car amp several of","D&C 20:81",0.27483481,27,1897-11-01,"Doctrine and Covenants","It shall be the duty of the several churches, composing the church of Christ, to send one or more of their teachers to attend the several conferences held by the elders of the church,"
12216,"bir day party about in all prest read to us several letters from from showing the","Mosiah 25:5",0.274547595,13,1895-02-01,"Mosiah","And it came to pass that Mosiah did read, and caused to be read, the records of Zeniff to his people; yea, he read the records of the people of Zeniff, from the time they left the land of Zarahemla until they returned again."
12160,"in pertaining to the palestine mission amp bro knight handed me a check for for that","D&C 71:3",0.271785843,27,1897-11-01,"Doctrine and Covenants","Verily this is a mission for a season, which I give unto you."
12184,"to the young people i felt very well in meeting wi so many of my friends","D&C 84:77",0.270335165,20,1897-11-01,"Doctrine and Covenants","And again I say unto you, my friends, for from henceforth I shall call you friends, it is expedient that I give unto you this commandment, that ye become even as my friends in days when I was with them, traveling to preach the gospel in my power;"
12163,"attended conference at pm sang prayer sang elder spoke pres ident mints i followed for mints","D&C 138:24",0.270127844,26,1898-04-01,"Doctrine and Covenants","Their countenances shone, and the radiance from the presence of the Lord rested upon them, and they sang praises unto his holy name."
12178,"wi the utah company and they gave us an account of their work in the east","D&C 70:4",0.269625267,21,1895-01-01,"Doctrine and Covenants","And an account of this stewardship will I require of them in the day of judgment."
12177,"presentable it could not be viewed by the people the family however took a look thereon","D&C 101:100",0.269556131,22,1898-09-01,"Doctrine and Covenants","Nevertheless, I do not say they shall not dwell thereon; for inasmuch as they bring forth fruit and works meet for my kingdom they shall dwell thereon."
12163,"at the office this morning quite busy in meeting wi several of the brethren who called","D&C 20:81",0.269140017,26,1898-04-01,"Doctrine and Covenants","It shall be the duty of the several churches, composing the church of Christ, to send one or more of their teachers to attend the several conferences held by the elders of the church,"
12178,"i met in the wi the twelve president being present a matter of was brought up","D&C 102:9",0.26822902,21,1895-01-01,"Doctrine and Covenants","The president of the church, who is also the president of the council, is appointed by revelation, and acknowledged in his administration by the voice of the church."
12255,"fish culture six volums forest amp stream amp picturesque america the land we live in we","1 Ne. 3:15",0.268167946,5,1895-03-01,"1 Nephi","But behold I said unto them that: As the Lord liveth, and as we live, we will not go down unto our father in the wilderness until we have accomplished the thing which the Lord hath commanded us."
12153,"i went to the office figure from called upon me and asked me to fill a","D&C 102:4",0.267284725,28,1895-01-01,"Doctrine and Covenants","The above-named councilors were then asked whether they accepted their appointments, and whether they would act in that office according to the law of heaven, to which they all answered that they accepted their appointments, and would fill their offices according to the grace of God bestowed upon them."
12178,"night aged years m amp days figure ia spencer woodruff died aged years m amp days","D&C 121:31",0.267112832,21,1895-01-01,"Doctrine and Covenants","All the times of their revolutions, all the appointed days, months, and years, and all the days of their days, months, and years, and all their glories, laws, and set times, shall be revealed in the days of the dispensation of the fulness of times--"
12178,"upon dr to visit her afterwards president amp accompanied me to wilfords house amp we all","D&C 76:74",0.265756039,21,1895-01-01,"Doctrine and Covenants","Who received not the testimony of Jesus in the flesh, but afterwards received it."
12226,"this is my bir day also my wife i am years of age amp emma is","D&C 25:1",0.265422361,11,1895-03-01,"Doctrine and Covenants","Hearken unto the voice of the Lord your God, while I speak unto you, Emma Smith, my daughter; for verily I say unto you, all those who receive my gospel are sons and daughters in my kingdom."
12189,"administered to amp myself she is in quite poor heal at present cannon amp grant company","D&C 46:20",0.265348311,18,1895-02-01,"Doctrine and Covenants","And to others it is given to have faith to heal."
12148,"in there was quite a congregation all saints but two it was a very interesting meeting","Alma 27:16",0.26472193,29,1898-08-01,"Alma","And it came to pass that as Ammon was going forth into the land, that he and his brethren met Alma, over in the place of which has been spoken; and behold, this was a joyful meeting."
12226,"years of age i am in the enjoyment of good heal amp sound mind for which","Morm. 1:15",0.264496377,11,1895-03-01,"Mormon","And I, being fifteen years of age and being somewhat of a sober mind, therefore I was visited of the Lord, and tasted and knew of the goodness of Jesus."
12177,"to wed were occupied in endeavoring to make the face so it could be looked upon","3 Ne. 1:24",0.263376084,22,1898-09-01,"3 Nephi","And there were no contentions, save it were a few that began to preach, endeavoring to prove by the scriptures that it was no more expedient to observe the law of Moses. Now in this thing they did err, having not understood the scriptures."
12189,"i spent the day at home fixing up my journal was quite sick at our house","D&C 84:68",0.262772646,18,1895-02-01,"Doctrine and Covenants","In my name they shall heal the sick;"
12208,"depot at which they did amp at we arrived amp drove home wed i did not","Mosiah 21:8",0.262431062,14,1897-11-01,"Mosiah","And it came to pass that the Lamanites did beat them, and drove them back, and slew many of them."
12184,"until noon then went home gotand got ready to go to this evening on the oclock","D&C 136:16",0.261464818,20,1897-11-01,"Doctrine and Covenants","And let my servants that have been appointed go and teach this, my will, to the saints, that they may be ready to go to a land of peace."
12184,"train to view the works on the deseret amp salt lake co dam amp attend the","3 Ne. 12:13",0.261439401,20,1897-11-01,"3 Nephi","Verily, verily, I say unto you, I give unto you to be the salt of the earth; but if the salt shall lose its savor wherewith shall the earth be salted? The salt shall be thenceforth good for nothing, but to be cast out and to be trodden under foot of men."
12163,"to the office feeling well wrote to i listened to the reading of my reks of","Mosiah 25:14",0.260811566,26,1898-04-01,"Mosiah","And now it came to pass that when Mosiah had made an end of speaking and reading to the people, he desired that Alma should also speak to the people."
12178,"amp discussed concerning his family affairs i called uppon wife she is dangerous sick i called","Alma 23:17",0.259971613,21,1895-01-01,"Alma","And it came to pass that they called their names Anti-Nephi-Lehies; and they were called by this name and were no more called Lamanites."
12146,"went home at pm fri i went to the office did not sleep very well last","Mosiah 20:7",0.259969105,30,1897-11-01,"Mosiah","Therefore they sent their armies forth; yea, even the king himself went before his people; and they went up to the land of Nephi to destroy the people of Limhi."
12208,"pm thur nd at the office this morning i attended my usual meeting at the from","D&C 123:14",0.258847631,14,1897-11-01,"Doctrine and Covenants","These should then be attended to with great earnestness."
12184,"where over of our friends met and passed a pleasant evening in conver sation and congratulations","Alma 34:21",0.258170884,20,1897-11-01,"Alma","Cry unto him in your houses, yea, over all your household, both morning, mid-day, and evening."
12244,"miles the body of was laid out in his coffin made of locuse wood which brother","Ether 9:8",0.257450335,7,1895-03-01,"Ether","And now the brother of him that suffered death, (and his name was Nimrah) was angry with his father because of that which his father had done unto his brother."
12160,"my water seems to come more naturally it has been ided that my dhter and bro","3 Ne. 11:26",0.256987089,27,1897-11-01,"3 Nephi","And then shall ye immerse them in the water, and come forth again out of the water."
12148,"and comments the word being so sudden and unlooked for nd the following telegram was received","D&C 93:8",0.256745205,29,1898-08-01,"Doctrine and Covenants","Therefore, in the beginning the Word was, for he was the Word, even the messenger of salvation--"
12160,"or three letters i am feeling fairly well to day i attended my meeting at the","D&C 123:14",0.256352929,27,1897-11-01,"Doctrine and Covenants","These should then be attended to with great earnestness."
12208,"this morning amp remained until pm sat staid at home to day recd letters from","2 Ne. 2:22",0.256211979,14,1897-11-01,"2 Nephi","And now, behold, if Adam had not transgressed he would not have fallen, but he would have remained in the garden of Eden. And all things which were created must have remained in the same state in which they were after they were created; and they must have remained forever, and had no end."
12163,"my father pres ident spoke mints sang amp benediction went to the office amp had lunch","D&C 29:10",0.256122258,26,1898-04-01,"Doctrine and Covenants","For the hour is nigh, and that which was spoken by mine apostles must be fulfilled; for as they spoke so shall it come to pass;"
12153,"office brother amp also brothr amp sister i spent the day at home not vary well","D&C 42:90",0.255779366,28,1895-01-01,"Doctrine and Covenants","And if thy brother or sister offend many, he or she shall be chastened before many."
12197,"by bro russell sang god moves in a mysterious way pres spoke mits prst mnts prs","D&C 29:10",0.255559713,17,1897-11-01,"Doctrine and Covenants","For the hour is nigh, and that which was spoken by mine apostles must be fulfilled; for as they spoke so shall it come to pass;"
12160,"attended a meeting of the ogden power co also the big cottonwood power co at the","D&C 123:14",0.254885269,27,1897-11-01,"Doctrine and Covenants","These should then be attended to with great earnestness."
12167,"home reading amp writing figures i received a letter from amp wrote him a letter amp","D&C 44:1",0.254677448,24,1895-01-01,"Doctrine and Covenants","Behold, thus saith the Lord unto you my servants, it is expedient in me that the elders of my church should be called together, from the east and from the west, and from the north and from the south, by letter or some other way."
12226,"also the leading bishops this is the last meeting president ever attended he was quite poorly","D&C 102:9",0.254382209,11,1895-03-01,"Doctrine and Covenants","The president of the church, who is also the president of the council, is appointed by revelation, and acknowledged in his administration by the voice of the church."
12146,"the office i am feeling fairly will and went home at pm wed rd bro is","D&C 107:68",0.254174008,30,1897-11-01,"Doctrine and Covenants","Wherefore, the office of a bishop is not equal unto it; for the office of a bishop is in administering all temporal things;"
12197,"pain in my bowels bro got up at am amp rubbed me and i took","3 Ne. 17:6",0.253267755,17,1897-11-01,"3 Nephi","And he said unto them: Behold, my bowels are filled with compassion towards you."
12184,"went to the office feeling some better i attended my usual meeting at the also a","D&C 76:100",0.252944621,20,1897-11-01,"Doctrine and Covenants","These are they who say they are some of one and some of another--some of Christ and some of John, and some of Moses, and some of Elias, and some of Esaias, and some of Isaiah, and some of Enoch;"
12163,"ident spoke mints amp read sec ver amp sec ver drine amp covenants choir sang o","D&C 29:10",0.252841716,26,1898-04-01,"Doctrine and Covenants","For the hour is nigh, and that which was spoken by mine apostles must be fulfilled; for as they spoke so shall it come to pass;"
12216,"amp cmeeting i sent a letter to i delivered the last invitations to day to our","Alma 57:35",0.252821709,13,1895-02-01,"Alma","And behold, we are again delivered out of the hands of our enemies. And blessed is the name of our God; for behold, it is he that has delivered us; yea, that has done this great thing for us."
12208,"the office this morning feeling fairly well wrote a letter to and attended some meetings at","D&C 20:44",0.252736327,14,1897-11-01,"Doctrine and Covenants","And to take the lead of all meetings."
12148,"wed st i wrote three letters to and st the following telegram was received at president","D&C 60:8",0.252359616,29,1898-08-01,"Doctrine and Covenants","And let the residue take their journey from St. Louis, two by two, and preach the word, not in haste, among the congregations of the wicked, until they return to the churches from whence they came."
12244,"the tabernacle was packed as full as it could hold at oclock the services commenced after","Alma 60:15",0.252334611,7,1895-03-01,"Alma","For were it not for the wickedness which first commenced at our head, we could have withstood our enemies that they could have gained no power over us."
12208,"to to oppose the annexation of the islands to the united states they are fine looking","D&C 87:3",0.248875273,14,1897-11-01,"Doctrine and Covenants","For behold, the Southern States shall be divided against the Northern States, and the Southern States will call on other nations, even the nation of Great Britain, as it is called, and they shall also call upon other nations, in order to defend themselves against other nations; and then war shall be poured out upon all nations."
12216,"from father amp i gave his letter to the editor of the news for publication spent","D&C 44:1",0.248712196,13,1895-02-01,"Doctrine and Covenants","Behold, thus saith the Lord unto you my servants, it is expedient in me that the elders of my church should be called together, from the east and from the west, and from the north and from the south, by letter or some other way."
12165,"containing the remains the el discanso was attached to the r g w train and many","2 Ne. 16:1",0.248401888,25,1898-09-01,"2 Nephi","In the year that king Uzziah died, I saw also the Lord sitting upon a throne, high and lifted up, and his train filled the temple."
12146,"went to the office and was buzy all morning attended a meeting of the directors of","D&C 123:14",0.24810769,30,1897-11-01,"Doctrine and Covenants","These should then be attended to with great earnestness."
12197,"we had supper at bro amp drove to the car at pm spent the night in","D&C 58:9",0.247769366,17,1897-11-01,"Doctrine and Covenants","Yea, a supper of the house of the Lord, well prepared, unto which all nations shall be invited."
12165,"of the saints of ogden passed through the car after which the train started and arrived","D&C 61:29",0.247221847,25,1898-09-01,"Doctrine and Covenants","And unto you is given the course for the saints, or the way for the saints of the camp of the Lord, to journey."
12177,"the casket was carried by six pall bearers into the viz dr dr james lloyd woodruff","D&C 39:7",0.246429632,22,1898-09-01,"Doctrine and Covenants","And now, behold, I say unto you, my servant James, I have looked upon thy works and I know thee."
12216,"i spent this day at home writing invitations to bir day party i rode to amp","3 Ne. 28:40",0.245925493,13,1895-02-01,"3 Nephi","And in this state they were to remain until the judgment day of Christ; and at that day they were to receive a greater change, and to be received into the kingdom of the Father to go no more out, but to dwell with God eternally in the heavens."
12197,"q cannon most of the congregation came up on the stand and shook hands wi us","D&C 52:10",0.245517224,17,1897-11-01,"Doctrine and Covenants","Let them go two by two, and thus let them preach by the way in every congregation, baptizing by water, and the laying on of the hands by the water's side."
12153,"carr wi lbs of flour to take to the starving people of furnished lbs i ordered","Alma 56:30",0.245378438,28,1895-01-01,"Alma","Now when we saw that the Lamanites began to grow uneasy on this wise, we were desirous to bring a stratagem into effect upon them; therefore Antipus ordered that I should march forth with my little sons to a neighboring city, as if we were carrying provisions to a neighboring city."
12160,"thur at the office i attended a meeting of the ogden power company and wrote two","D&C 123:14",0.245288486,27,1897-11-01,"Doctrine and Covenants","These should then be attended to with great earnestness."
12160,"mission sun i spent the day at home i was at the office this morning and","D&C 88:7",0.245255996,27,1897-11-01,"Doctrine and Covenants","Which truth shineth. This is the light of Christ. As also he is in the sun, and the light of the sun, and the power thereof by which it was made."
12173,"also present after i performed the sealing ordin ance and before the couple arose from the","3 Ne. 11:20",0.245251596,23,1895-01-01,"3 Nephi","And the Lord commanded him that he should arise. And he arose and stood before him."
12244,"a corps in the house sister was in deep mo u rning distance of the day","D&C 109:16",0.244251426,7,1895-03-01,"Doctrine and Covenants","And that this house may be a house of prayer, a house of fasting, a house of faith, a house of glory and of God, even thy house;"
12197,"amp cannon did the speaking we slept at bro hales mon i feel fairly well this","3 Ne. 11:15",0.242743065,17,1897-11-01,"3 Nephi","And it came to pass that the multitude went forth, and thrust their hands into his side, and did feel the prints of the nails in his hands and in his feet; and this they did do, going forth one by one until they had all gone forth, and did see with their eyes and did feel with their hands, and did know of a surety and did bear record, that it was he, of whom it was written by the prophets, that should come."
12189,"securities on a lone they spent the day wi us we also met wi brother amp","Alma 56:23",0.242385649,18,1895-02-01,"Alma","For we knew in those cities they were not sufficiently strong to meet them; therefore we were desirous, if they should pass by us, to fall upon them in their rear, and thus bring them up in the rear at the same time they were met in the front. We supposed that we could overpower them; but behold, we were disappointed in this our desire."
12160,"out to our friends today for at pm i left the office for home at pm","D&C 84:77",0.242243633,27,1897-11-01,"Doctrine and Covenants","And again I say unto you, my friends, for from henceforth I shall call you friends, it is expedient that I give unto you this commandment, that ye become even as my friends in days when I was with them, traveling to preach the gospel in my power;"
12208,"ogden power company meetings and went home at pm wed st i am feeling much better","D&C 20:44",0.242040493,14,1897-11-01,"Doctrine and Covenants","And to take the lead of all meetings."
12216,"destroy our prospect for a state government figure the letter i mailed yesterday to was one","D&C 61:20",0.241595643,13,1895-02-01,"Doctrine and Covenants","I, the Lord, was angry with you yesterday, but today mine anger is turned away."
12208,"morning and attended several meetings during the day amp returned home at pm sat i staid","D&C 20:44",0.241554005,14,1897-11-01,"Doctrine and Covenants","And to take the lead of all meetings."
12146,"veale her advance agent shot himself at today so we learn from the papers cause temporary","D&C 135:1",0.240580385,30,1897-11-01,"Doctrine and Covenants","To seal the testimony of this book and the Book of Mormon, we announce the martyrdom of Joseph Smith the Prophet, and Hyrum Smith the Patriarch. They were shot in Carthage jail, on the 27th of June, 1844, about five o'clock p.m., by an armed mob--painted black--of from 150 to 200 persons. Hyrum was shot first and fell calmly, exclaiming: I am a dead man! Joseph leaped from the window, and was shot dead in the attempt, exclaiming: O Lord my God! They were both shot after they were dead, in a brutal manner, and both received four balls."
12177,"upon a dais in front of the stand the plate on the casket bore these words","3 Ne. 4:25",0.238895182,22,1898-09-01,"3 Nephi","And this did they do in the night-time, and got on their march beyond the robbers, so that on the morrow, when the robbers began their march, they were met by the armies of the Nephites both in their front and in their rear."
12146,"night have not done well at my sleeping for a short time otherwise i feel very","D&C 70:17",0.238588188,30,1897-11-01,"Doctrine and Covenants","For they have been faithful over many things, and have done well inasmuch as they have not sinned."
12208,"amp sleep fairly well drove to to the office attended a meeting of the directors of","D&C 123:14",0.236254926,14,1897-11-01,"Doctrine and Covenants","These should then be attended to with great earnestness."
12236,"transacting such business as come before hi me herd letters read from i had a vary","Mosiah 25:5",0.236066295,9,1895-03-01,"Mosiah","And it came to pass that Mosiah did read, and caused to be read, the records of Zeniff to his people; yea, he read the records of the people of Zeniff, from the time they left the land of Zarahemla until they returned again."
12160,"to raise it for her i attended my office duties amp went home at pm sat","D&C 123:14",0.235200242,27,1897-11-01,"Doctrine and Covenants","These should then be attended to with great earnestness."
12178,"dedicated by john henry smi w woodruff said he could not mourn for any latter day","D&C 138:53",0.234733716,21,1895-01-01,"Doctrine and Covenants","The Prophet Joseph Smith, and my father, Hyrum Smith, Brigham Young, John Taylor, Wilford Woodruff, and other choice spirits who were reserved to come forth in the fulness of times to take part in laying the foundations of the great latter-day work,"
12189,"in a vary busy day judge m amp from who are visiting us to examine our","Hel. 9:31",0.233234373,18,1895-02-01,"Helaman","But behold, ye shall examine him, and ye shall find blood upon the skirts of his cloak."
12153,"to night nearly all the family attended except my self i sat up till oclok amp","D&C 123:14",0.232369875,28,1895-01-01,"Doctrine and Covenants","These should then be attended to with great earnestness."
12255,"i spent the day at home reading i spent the night at the we rode to","D&C 138:25",0.232204964,5,1895-03-01,"Doctrine and Covenants","I marveled, for I understood that the Savior spent about three years in his ministry among the Jews and those of the house of Israel, endeavoring to teach them the everlasting gospel and call them unto repentance;"
12178,"i spent the day mostly in preparing for the funeral tomorrow rd we held the funeral","D&C 138:36",0.231098983,21,1895-01-01,"Doctrine and Covenants","Thus was it made known that our Redeemer spent his time during his sojourn in the world of spirits, instructing and preparing the faithful spirits of the prophets who had testified of him in the flesh;"
12165,"president woodruff is dead he left us at this morning break the news to his family","D&C 107:88",0.230968074,25,1898-09-01,"Doctrine and Covenants","This president is to be a bishop; for this is one of the duties of this priesthood."
12184,"madam at sending congratulations to amp on their riage i went home at pm thurs i","D&C 30:4",0.2307009,20,1897-11-01,"Doctrine and Covenants","And your home shall be at your father's house, until I give unto you further commandments. And you shall attend to the ministry in the church, and before the world, and in the regions round about. Amen."
12197,"benediction by bro anderson of fillmore attended conference at pm sang arise ofo glorious zion prayer","D&C 123:14",0.230572675,17,1897-11-01,"Doctrine and Covenants","These should then be attended to with great earnestness."
12167,"i spent the day at home reading it is quite cold i spent the day at","D&C 43:17",0.229513098,24,1895-01-01,"Doctrine and Covenants","Hearken ye, for, behold, the great day of the Lord is nigh at hand."
12197,"sister brother attended meeting again at pm sang go ye messengers of glory prayer by bp","D&C 42:90",0.229427058,17,1897-11-01,"Doctrine and Covenants","And if thy brother or sister offend many, he or she shall be chastened before many."
12255,"of subjects discussed i took to cannons bindery to day the following works for binding vol","Alma 5:20",0.228950273,5,1895-03-01,"Alma","I say unto you, can ye think of being saved when you have yielded yourselves to become subjects to the devil?"
12178,"in the meeting house ward spoke minuts m m m w woodruff minuts the grave was","D&C 29:10",0.228940419,21,1895-01-01,"Doctrine and Covenants","For the hour is nigh, and that which was spoken by mine apostles must be fulfilled; for as they spoke so shall it come to pass;"
12163,"for liverpool talked wi bros amp on financial affairs went home at pm wed ap drove","Alma 3:23",0.227718718,26,1898-04-01,"Alma","But he sent up a numerous army against them; and they went up and slew many of the Lamanites, and drove the remainder of them out of the borders of their land."
12177,"the remains and assist in preparing them for the funeral and remain wi them until that","Alma 52:7",0.226681155,22,1898-09-01,"Alma","And it came to pass that he kept thus preparing for war until Moroni had sent a large number of men to strengthen his army."
12244,"singing and prayer spoke minuts m bishop partridge m amp w woodruff m and minuts the","D&C 29:10",0.225731508,7,1895-03-01,"Doctrine and Covenants","For the hour is nigh, and that which was spoken by mine apostles must be fulfilled; for as they spoke so shall it come to pass;"
12189,"held a meeting at the office figure to day i received a letter from amp to","D&C 44:1",0.225185576,18,1895-02-01,"Doctrine and Covenants","Behold, thus saith the Lord unto you my servants, it is expedient in me that the elders of my church should be called together, from the east and from the west, and from the north and from the south, by letter or some other way."
12148,"woodruffs at utah cal st to prest president woodruff s condition very serious it is the","D&C 102:9",0.224208537,29,1898-08-01,"Doctrine and Covenants","The president of the church, who is also the president of the council, is appointed by revelation, and acknowledged in his administration by the voice of the church."
12197,"yates sang i know that my redeemer lives the sacrament was administered afterwch elder spoke mits","D&C 88:140",0.223927901,17,1897-11-01,"Doctrine and Covenants","And again, the ordinance of washing feet is to be administered by the president, or presiding elder of the church."
12203,"reading i dont feel able to go to meeting this cold weather figures i wrote a","Mosiah 25:14",0.223458907,16,1895-02-01,"Mosiah","And now it came to pass that when Mosiah had made an end of speaking and reading to the people, he desired that Alma should also speak to the people."
12165,"as to the arrangements for meeting the remains wi prest amp party in the morning elder","D&C 112:5",0.223122419,25,1898-09-01,"Doctrine and Covenants","Contend thou, therefore, morning by morning; and day after day let thy warning voice go forth; and when the night cometh let not the inhabitants of the earth slumber, because of thy speech."
12177,"church amp others the assembled thousands arose en masse which the casket entered and was placed","Alma 19:12",0.222819529,22,1898-09-01,"Alma","And it came to pass that he arose, according to the words of Ammon; and as he arose, he stretched forth his hand unto the woman, and said: Blessed be the name of God, and blessed art thou."
12177,"amp elders nuttall amp smi having been closely associated wi prest woodruff during the past years","Alma 9:22",0.22204397,22,1898-09-01,"Alma","Yea, and after having been delivered of God out of the land of Jerusalem, by the hand of the Lord; having been saved from famine, and from sickness, and all manner of diseases of every kind; and they having waxed strong in battle, that they might not be destroyed; having been brought out of bondage time after time, and having been kept and preserved until now; and they have been prospered until they are rich in all manner of things--"
12167,"a snow storm all day we had a visit from about getting his brother out of","Alma 26:6",0.219684449,24,1895-01-01,"Alma","Yea, they shall not be beaten down by the storm at the last day; yea, neither shall they be harrowed up by the whirlwinds; but when the storm cometh they shall be gathered together in their place, that the storm cannot penetrate to them; yea, neither shall they be driven with fierce winds whithersoever the enemy listeth to carry them."
12177,"being formed passed along ndsou street to east street thence sou to late residence here elders","2 Ne. 8:23",0.219099229,22,1898-09-01,"2 Nephi","But I will put it into the hand of them that afflict thee; who have said to thy soul: Bow down, that we may go over--and thou hast laid thy body as the ground and as the street to them that went over."
12203,"hours i spent the day at home reading amp writing i spent the day at home","D&C 19:36",0.218418542,16,1895-02-01,"Doctrine and Covenants","Leave thy house and home, except when thou shalt desire to see thy family;"
12184,"millard stake quarterly conference at pm we left on the oregon short line railway in company","D&C 98:12",0.217164095,20,1897-11-01,"Doctrine and Covenants","For he will give unto the faithful line upon line, precept upon precept; and I will try you and prove you herewith."
12153,"wrote a letter contradicting theis statement there was a party in the farmers ward meeting house","Omni 1:9",0.217158322,28,1895-01-01,"Omni","Now I, Chemish, write what few things I write, in the same book with my brother; for behold, I saw the last which he wrote, that he wrote it with his own hand; and he wrote it in the day that he delivered them unto me. And after this manner we keep the records, for it is according to the commandments of our fathers. And I make an end."
12216,"took dinner then to meeting in the three young missionaries from all spoke amp bore strong","Alma 14:4",0.215934926,13,1895-02-01,"Alma","But it came to pass that they did not; but they took them and bound them with strong cords, and took them before the chief judge of the land."
12216,"they were vary fine letter we had a sugar meeting cannon amp grant meeti ng figure","Alma 24:22",0.2155719,13,1895-02-01,"Alma","And thus without meeting any resistance, they did slay a thousand and five of them; and we know that they are blessed, for they have gone to dwell with their God."
12203,"letter to had an interview wi brother amp we met wi i spent the day in","Alma 51:29",0.215352987,16,1895-02-01,"Alma","But it came to pass that they were met by Teancum, who had slain Morianton and had headed his people in his flight."
12148,"i spoke first followed by bro at the close of the meeting we took seats together","Mosiah 11:11",0.214359444,29,1898-08-01,"Mosiah","And the seats which were set apart for the high priests, which were above all the other seats, he did ornament with pure gold; and he caused a breastwork to be built before them, that they might rest their bodies and their arms upon while they should speak lying and vain words to his people."
12197,"morning attended the conference at am a good congregation sang come listen to the trumpeters prayer","D&C 123:14",0.214023608,17,1897-11-01,"Doctrine and Covenants","These should then be attended to with great earnestness."
12197,"authorities were presented amp voted for elder spoa returned missionary spoke mnts followed by pres george","D&C 29:10",0.21265436,17,1897-11-01,"Doctrine and Covenants","For the hour is nigh, and that which was spoken by mine apostles must be fulfilled; for as they spoke so shall it come to pass;"
12153,"i spent the day at home mostly reading amp and children spent the day wi us","D&C 138:25",0.209603426,28,1895-01-01,"Doctrine and Covenants","I marveled, for I understood that the Savior spent about three years in his ministry among the Jews and those of the house of Israel, endeavoring to teach them the everlasting gospel and call them unto repentance;"
12184,"of the directors of zcmi went home at pm fri was at the office this morning","D&C 30:4",0.20842766,20,1897-11-01,"Doctrine and Covenants","And your home shall be at your father's house, until I give unto you further commandments. And you shall attend to the ministry in the church, and before the world, and in the regions round about. Amen."
12163,"a good night amp feel well met wi several brethren i signed a number of drafts","D&C 20:81",0.206911563,26,1898-04-01,"Doctrine and Covenants","It shall be the duty of the several churches, composing the church of Christ, to send one or more of their teachers to attend the several conferences held by the elders of the church,"
12160,"dhter cht her foot in a piece of old carpet at the back door amp fell","2 Ne. 16:4",0.204823127,27,1897-11-01,"2 Nephi","And the posts of the door moved at the voice of him that cried, and the house was filled with smoke."
12165,"minuts where they awaited the arrival of the southern pacific train at am the special car","2 Ne. 16:1",0.201678637,25,1898-09-01,"2 Nephi","In the year that king Uzziah died, I saw also the Lord sitting upon a throne, high and lifted up, and his train filled the temple."
12145,"monument amp settling in canada sang ben ediction by bro drove down home","D&C 138:24",0.199465474,31,1898-04-01,"Doctrine and Covenants","Their countenances shone, and the radiance from the presence of the Lord rested upon them, and they sang praises unto his holy name."
12197,"talked to the children at am the quarterly conference convened pres presiding sang the morning breaks","D&C 28:10",0.199299164,17,1897-11-01,"Doctrine and Covenants","Thou shalt not leave this place until after the conference; and my servant Joseph shall be appointed to preside over the conference by the voice of it, and what he saith to thee thou shalt tell."
12189,"temples we transacted a good deal of business wi the utah company to day amp myself","D&C 111:6",0.190256941,18,1895-02-01,"Doctrine and Covenants","Concern not yourselves about Zion, for I will deal mercifully with her."
12163,"sang god of israel benediction by bro conference adjourned for six months i drove down home","D&C 20:61",0.190092746,26,1898-04-01,"Doctrine and Covenants","The several elders composing this church of Christ are to meet in conference once in three months, or from time to time as said conferences shall direct or appoint;"
12244,"carriges then citizen on foot abrest then citizens in carriages i think it was the longest","D&C 10:16",0.187807961,7,1895-03-01,"Doctrine and Covenants","And then, behold, they say and think in their hearts--We will see if God has given him power to translate; if so, he will also give him power again;"
12244,"meeting was then dismissed and prosession then formed in the street family fir s t in","3 Ne. 16:5",0.186640515,7,1895-03-01,"3 Nephi","And then will I gather them in from the four quarters of the earth; and then will I fulfil the covenant which the Father hath made unto all the people of the house of Israel."
